无,868290,1.8,11,龟
洛神,1172985,1.8,11,龟
无,688196,1.8,11,龟
洛神,539252,1.8,11,龟
和妹妹生老婆,1260167,1.8,11,龟
克依,714033,1.8,11,龟
突然偏头疼,471641,1.8,11,龟
岚宇,1184365,1.8,11,龟
Aranea,980072,1.8,11,龟
Aranea,818025,1.8,11,龟
岚宇,833964,1.8,11,龟
黑白电影,720254,1.8,11,龟
黑白电影,76340,2,11,蝎
Hessian,479085,2,11,蝎
黑白电影,465106,2,11,蝎
Mcocler,549210,2,11,蝎
Dio大人,610755,2,11,蝎
白丽,789843,2,11,蝎
Aranea,669624,2,11,蝎
白丽,799941,2,11,蝎
蕾米莉亚,673670,2,11,蝎
白丽,435983,2,11,蝎
和妹妹生老婆,670143,2,11,蝎
未踏,724524,2,11,蝎
天才少女凛凛,715483,2,11,蝎
无,519205,2,11,蝎
完全,735068,2,11,蝎
栗山未来,585914,2,11,蝎
ZZZLL,812218,2,11,蝎
Hessian,657100,2,11,蝎
和妹妹生老婆,712499,2,11,蝎
克依,716434,2,11,蝎
恶魔的低语,970182,2,11,蝎
洛神,654293,2,11,蝎
蕾米莉亚,751544,2,11,蝎
qwq宝宝,728445,2,11,蝎
神北小逑,674949,2,11,蝎
月海真白,638569,2,11,蝎
岚宇,911174,2,11,蝎
